Name,Path,Hash
STUConfigVar,Game/STU/ConfigVar,00000000BFD9AADD
STUConfigVarDynamic,Game/STU/ConfigVar/Dynamic,00000000F8CC195D
STUStatescriptState,Game/STU/Statescript/State,00000000A7213568
STUStatescriptBase,Game/STU/Statescript,00000000A97578E7
STUEntityComponent,Game/STU/Component,00000000E46F5A44
STUUXObject,Game/STU/UX,000000006B892D91
STUAnimConfigProtocol_Base,Game/STU/Anim/Config,00000000988BCA34
STUAnimBlendTreeSet_GraphNode_Base,Game/STU/Anim/BlendTree,00000000D2E76FEA
STUAnimGraphNode,Game/STU/Anim,0000000018928E2C
STUGraphItem,Game/STU/Graph,0000000011130C58
